product	preserved_branch	commit_sha	canonical_base	source_repository	source_record	original_refs	original_shas	changed_package_files	publication_status
pi-herdr-orchestrator	preserved/pi-herdr-orchestrator/adopted-root-rebind-code	acb5db6392db97a9fac084ec276ab132622cdc0b	d0e7f35c36e7b5ff60118e0c33de016c9e73fff9	JCFrags/my-shtty-pi-herdr-deck	my-shtty-pi-herdr-deck-U006	refs/heads/fix/adopted-root-rebind	47cee2d0a6dbca46466837acdb028e213c260dee	58	PUSHED_PRIVACY_GATE_PASS
pi-herdr-orchestrator	preserved/pi-herdr-orchestrator/lifecycle-cancel-fix	94e6a317fa1a8c6c1d67489e883c79af3c5521d0	d0e7f35c36e7b5ff60118e0c33de016c9e73fff9	JCFrags/my-shtty-pi-herdr-deck	my-shtty-pi-herdr-deck-U010	refs/heads/project/lifecycle-cancel-fix	b7547803d4f69e49ba3a7f1932461a2c926dc3e2	39	PUSHED_PRIVACY_GATE_PASS
pi-herdr-orchestrator	preserved/pi-herdr-orchestrator/recent-work-snapshot	924924ad035d3f6179c0c0dcd5e09deaa3c494c9	d0e7f35c36e7b5ff60118e0c33de016c9e73fff9	JCFrags/my-shtty-pi-herdr-deck	my-shtty-pi-herdr-deck-U013	refs/heads/integrate/recent-work-snapshot	4f0dce52402af009425c5f174b5b214f2c9135d4	47	PUSHED_PRIVACY_GATE_PASS
pi-herdr-orchestrator	preserved/pi-herdr-orchestrator/phase2-final-shell-overlay	d94f8547116a8fc770c5921d990d899fd4e2f660	d0e7f35c36e7b5ff60118e0c33de016c9e73fff9	JCFrags/my-shtty-pi-herdr-deck	my-shtty-pi-herdr-deck-U018	refs/heads/agent/phase2-final-shell-overlay	b324ba7e1b20d84fe35b358ef1771e716cacef0e	7	PUSHED_PRIVACY_GATE_PASS
pi-herdr-orchestrator	preserved/pi-herdr-orchestrator/phase2-agent-activity-overlay	62a3c24152c300a0954ec91fd1f2c5eed3222644	d0e7f35c36e7b5ff60118e0c33de016c9e73fff9	JCFrags/my-shtty-pi-herdr-deck	my-shtty-pi-herdr-deck-U020	refs/heads/agent/phase2-contract-agent-activity-overlay	9b3a10ceb4ca8c09e19c2f750a9025de557bbf49	4	PUSHED_PRIVACY_GATE_PASS
pi-herdr-orchestrator	preserved/pi-herdr-orchestrator/phase2-final-render-qa	87f5755032ae934db64d6f91a1a1027597a577e8	d0e7f35c36e7b5ff60118e0c33de016c9e73fff9	JCFrags/my-shtty-pi-herdr-deck	my-shtty-pi-herdr-deck-U021	refs/heads/agent/phase2-final-render-qa	0bf9e83fc0947d042b8ffef8d9437c91fa738d49	5	PUSHED_PRIVACY_GATE_PASS
pi-herdr-orchestrator	preserved/pi-herdr-orchestrator/unified-controls-groups	476d9bf2a2f672b865598ccbff99591cb4463f3f	d0e7f35c36e7b5ff60118e0c33de016c9e73fff9	JCFrags/my-shtty-pi-herdr-deck	my-shtty-pi-herdr-deck-U026	refs/heads/agent/unified-controls-groups	0ed0dc5a39f916dc28684d8c8847859eec8f4580	16	PUSHED_PRIVACY_GATE_PASS
pi-herdr-orchestrator	preserved/pi-herdr-orchestrator/phase2-contract-render-qa	8b6eb1fc846db33e15c0feb8bfdf63f9f3e03983	d0e7f35c36e7b5ff60118e0c33de016c9e73fff9	JCFrags/my-shtty-pi-herdr-deck	my-shtty-pi-herdr-deck-U032	refs/heads/agent/phase2-contract-render-qa	124c5222be536c12e129a8450ff1cafcbda3a992	5	PUSHED_PRIVACY_GATE_PASS
pi-herdr-orchestrator	preserved/pi-herdr-orchestrator/pre-reliability-integration-20260825	f3c93fbcdd86050a2bee78e94635a90bb5dd892c	d0e7f35c36e7b5ff60118e0c33de016c9e73fff9	JCFrags/my-shtty-pi-herdr-deck	private-S02	refs/stash (private Stage 1 backup record)	5df55fdb7aae6a54a9b339f433c91831861cd2ad	6	PUSHED_PRIVACY_GATE_PASS
