repository	ref/group	tip SHA	unique commit count	affected products	deployed-byte relationship	classification	proposed destination	safe-to-delete-later	evidence
my-shtty-pi	my-shtty-pi-U001 [local:refs/heads/agent/foundation-runtime-fix-054]	dccd2de8dce1beb622c4ec3b154855b2846bd76d	1	repository-support	NO_ACTIVE_DEPLOYED_RUNTIME_RELATION	DUPLICATE_OR_SUPERSEDED	repository support review	yes	equivalence=patch-set; trees=1; patch_sets=1; changed_paths=11; all stable commit patch IDs occur in remote main; aggregate branch diff patch ID occurs in remote main
my-shtty-pi	my-shtty-pi-U002 [local:refs/heads/agent/phase2-final-files-provider]	a5358975bd61821c0b27b29bfa82d11dcf4efe17	1	files-ui	EXACT_DEPLOYED_SOURCE	DUPLICATE_OR_SUPERSEDED	packages/files-ui	yes	equivalence=patch-set; trees=1; patch_sets=1; changed_paths=4; all stable commit patch IDs occur in remote main; aggregate branch diff patch ID occurs in remote main
my-shtty-pi	my-shtty-pi-U003 [local:refs/heads/source-preservation/chrono-benchmark]	f9e811a08d497ad7a2f1911887546d40ccee249c	1	pi-chrono-compaction	ACTIVE_PRODUCT_SOURCE_BUT_NO_EXACT_DEPLOYED_FILE_SET	UNKNOWN_REQUIRES_REVIEW	packages/pi-chrono-compaction	no	equivalence=patch-set; trees=1; patch_sets=1; changed_paths=4
my-shtty-pi	my-shtty-pi-U004 [local:refs/heads/architecture/first-principles-audit-20260830]	a617af76144043d2692b3cc50850beefffd5fb69	2	repository-support	NO_ACTIVE_DEPLOYED_RUNTIME_RELATION	NON_EXTENSION_SUPPORT_MATERIAL	repository support review	no	equivalence=patch-set; trees=1; patch_sets=1; changed_paths=26
my-shtty-pi	my-shtty-pi-U005 [local:refs/heads/agent/ask-user-core]	f98a5f789dcd663599cd63c20b77b7fe5062a79a	2	grounded-tools	ACTIVE_PRODUCT_SOURCE_BUT_NO_EXACT_DEPLOYED_FILE_SET	UNKNOWN_REQUIRES_REVIEW	packages/grounded-tools	no	equivalence=patch-set; trees=1; patch_sets=1; changed_paths=17
my-shtty-pi	my-shtty-pi-U006 [local:refs/heads/fix/workplan-long-horizon-capacity]	03e43c0e83954d26b95bd7ca50fcbac91038c1d2	1	grounded-tools	ACTIVE_PRODUCT_SOURCE_BUT_NO_EXACT_DEPLOYED_FILE_SET	UNKNOWN_REQUIRES_REVIEW	packages/grounded-tools	no	equivalence=patch-set; trees=1; patch_sets=1; changed_paths=6
my-shtty-pi	my-shtty-pi-U007 [local:refs/heads/source-preservation/grounded-artifacts]	cc1de08e1ddf4ecc1d46795111f7bfa9b8e9b59e	1	grounded-tools	ACTIVE_PRODUCT_SOURCE_BUT_NO_EXACT_DEPLOYED_FILE_SET	UNKNOWN_REQUIRES_REVIEW	packages/grounded-tools	no	equivalence=patch-set; trees=1; patch_sets=1; changed_paths=3
my-shtty-pi-herdr-deck	my-shtty-pi-herdr-deck-U001 [local:refs/heads/agent/phase2-final-files-screen]	630bb92465b68fd936861ee3bf9a04d51a093bbf	2	pi-herdr-orchestrator	ACTIVE_PRODUCT_SOURCE_BUT_NO_EXACT_DEPLOYED_FILE_SET	DUPLICATE_OR_SUPERSEDED	packages/pi-herdr-orchestrator	yes	equivalence=patch-set; trees=1; patch_sets=1; changed_paths=2; all stable commit patch IDs occur in remote main
my-shtty-pi-herdr-deck	my-shtty-pi-herdr-deck-U002 [local:refs/heads/project/pi-herd-modern-tui]	63ab9923f4c73f8be87c2dc2a31792b0a4d08035	1	pi-herdr-orchestrator	ACTIVE_PRODUCT_SOURCE_BUT_NO_EXACT_DEPLOYED_FILE_SET	DUPLICATE_OR_SUPERSEDED	packages/pi-herdr-orchestrator	yes	equivalence=patch-set; trees=1; patch_sets=1; changed_paths=4; all stable commit patch IDs occur in remote main; aggregate branch diff patch ID occurs in remote main
my-shtty-pi-herdr-deck	my-shtty-pi-herdr-deck-U003 [local:refs/heads/agent/final-gate-agents-activity]	5f43d9ce3698949315db07cbafb7ce315aafa816	1	pi-herdr-orchestrator	ACTIVE_PRODUCT_SOURCE_BUT_NO_EXACT_DEPLOYED_FILE_SET	DUPLICATE_OR_SUPERSEDED	packages/pi-herdr-orchestrator	yes	equivalence=patch-set; trees=1; patch_sets=1; changed_paths=4; all stable commit patch IDs occur in remote main; aggregate branch diff patch ID occurs in remote main
my-shtty-pi-herdr-deck	my-shtty-pi-herdr-deck-U004 [local:refs/heads/project/m4-integration-tests]	64b4eef86cfd2f5705f7a1e9c13a84937b971f09	1	pi-herdr-orchestrator	ACTIVE_PRODUCT_SOURCE_BUT_NO_EXACT_DEPLOYED_FILE_SET	DUPLICATE_OR_SUPERSEDED	packages/pi-herdr-orchestrator	yes	equivalence=patch-set; trees=1; patch_sets=1; changed_paths=1; all stable commit patch IDs occur in remote main; aggregate branch diff patch ID occurs in remote main
my-shtty-pi-herdr-deck	my-shtty-pi-herdr-deck-U005 [local:refs/heads/agent/final-gate-files]	782f7f036468b4be851dba02fb2d88f39e5dd470	1	pi-herdr-orchestrator	ACTIVE_PRODUCT_SOURCE_BUT_NO_EXACT_DEPLOYED_FILE_SET	DUPLICATE_OR_SUPERSEDED	packages/pi-herdr-orchestrator	yes	equivalence=patch-set; trees=1; patch_sets=1; changed_paths=3; all stable commit patch IDs occur in remote main; aggregate branch diff patch ID occurs in remote main
my-shtty-pi-herdr-deck	my-shtty-pi-herdr-deck-U006 [local:refs/heads/fix/adopted-root-rebind]	47cee2d0a6dbca46466837acdb028e213c260dee	20	pi-herdr-orchestrator	ACTIVE_PRODUCT_SOURCE_BUT_NO_EXACT_DEPLOYED_FILE_SET	UNKNOWN_REQUIRES_REVIEW	packages/pi-herdr-orchestrator	no	equivalence=patch-set; trees=1; patch_sets=1; changed_paths=78
my-shtty-pi-herdr-deck	my-shtty-pi-herdr-deck-U007 [local:refs/heads/integrate/concurrent-orchestrator-20260901;local:refs/heads/main]	14786f1192faae7f163b355cb6955db70b1a1b24,747d97c426de1ff3b901438bcdc28184e83100ca	19	pi-herdr-orchestrator	ACTIVE_PRODUCT_SOURCE_BUT_NO_EXACT_DEPLOYED_FILE_SET	UNKNOWN_REQUIRES_REVIEW	packages/pi-herdr-orchestrator	no	equivalence=patch-set; trees=1; patch_sets=1; changed_paths=78
my-shtty-pi-herdr-deck	my-shtty-pi-herdr-deck-U008 [local:refs/heads/project/m3-registration]	7d6110ff16f53e247d0043f54ebe615a0451f0af	1	pi-herdr-orchestrator	ACTIVE_PRODUCT_SOURCE_BUT_NO_EXACT_DEPLOYED_FILE_SET	DUPLICATE_OR_SUPERSEDED	packages/pi-herdr-orchestrator	yes	equivalence=patch-set; trees=1; patch_sets=1; changed_paths=3; all stable commit patch IDs occur in remote main; aggregate branch diff patch ID occurs in remote main
my-shtty-pi-herdr-deck	my-shtty-pi-herdr-deck-U009 [local:refs/heads/fix/completion-driven-runtime]	e206d2db6b92ed547eb4aed102bac246e883630b	15	pi-herdr-orchestrator	ACTIVE_PRODUCT_SOURCE_BUT_NO_EXACT_DEPLOYED_FILE_SET	UNKNOWN_REQUIRES_REVIEW	packages/pi-herdr-orchestrator	no	equivalence=patch-set; trees=1; patch_sets=1; changed_paths=65
my-shtty-pi-herdr-deck	my-shtty-pi-herdr-deck-U010 [local:refs/heads/project/lifecycle-cancel-fix]	b7547803d4f69e49ba3a7f1932461a2c926dc3e2	13	pi-herdr-orchestrator	ACTIVE_PRODUCT_SOURCE_BUT_NO_EXACT_DEPLOYED_FILE_SET	UNKNOWN_REQUIRES_REVIEW	packages/pi-herdr-orchestrator	no	equivalence=patch-set; trees=1; patch_sets=1; changed_paths=57
my-shtty-pi-herdr-deck	my-shtty-pi-herdr-deck-U011 [local:refs/heads/fix/orchestrate-wait-until-finish]	f825b2d1e879010714ae7b0dda1ffb913792747b	15	pi-herdr-orchestrator	ACTIVE_PRODUCT_SOURCE_BUT_NO_EXACT_DEPLOYED_FILE_SET	UNKNOWN_REQUIRES_REVIEW	packages/pi-herdr-orchestrator	no	equivalence=patch-set; trees=1; patch_sets=1; changed_paths=62
my-shtty-pi-herdr-deck	my-shtty-pi-herdr-deck-U012 [local:refs/heads/deploy/adopted-root-rebind-recovery]	79046614e870088b832f9dd1d98495e16cfd9345	13	pi-herdr-orchestrator	ACTIVE_PRODUCT_SOURCE_BUT_NO_EXACT_DEPLOYED_FILE_SET	UNKNOWN_REQUIRES_REVIEW	packages/pi-herdr-orchestrator	no	equivalence=patch-set; trees=1; patch_sets=1; changed_paths=50
my-shtty-pi-herdr-deck	my-shtty-pi-herdr-deck-U013 [local:refs/heads/integrate/recent-work-snapshot]	4f0dce52402af009425c5f174b5b214f2c9135d4	14	pi-herdr-orchestrator	ACTIVE_PRODUCT_SOURCE_BUT_NO_EXACT_DEPLOYED_FILE_SET	UNKNOWN_REQUIRES_REVIEW	packages/pi-herdr-orchestrator	no	equivalence=patch-set; trees=1; patch_sets=1; changed_paths=66
my-shtty-pi-herdr-deck	my-shtty-pi-herdr-deck-U014 [local:refs/heads/integrate/recent-work-final-snapshot]	aaa010008231ad31926337fa35ff096e40be1867	14	pi-herdr-orchestrator	ACTIVE_PRODUCT_SOURCE_BUT_NO_EXACT_DEPLOYED_FILE_SET	UNKNOWN_REQUIRES_REVIEW	packages/pi-herdr-orchestrator	no	equivalence=patch-set; trees=1; patch_sets=1; changed_paths=68
my-shtty-pi-herdr-deck	my-shtty-pi-herdr-deck-U015 [local:refs/heads/project/m3-integration]	dea42f563470d595cedf63b119e60e9641ca441d	2	pi-herdr-orchestrator	ACTIVE_PRODUCT_SOURCE_BUT_NO_EXACT_DEPLOYED_FILE_SET	DUPLICATE_OR_SUPERSEDED	packages/pi-herdr-orchestrator	yes	equivalence=patch-set; trees=1; patch_sets=1; changed_paths=2; all stable commit patch IDs occur in remote main
my-shtty-pi-herdr-deck	my-shtty-pi-herdr-deck-U016 [local:refs/heads/agent/phase2-final-activity-agents]	f30a92181ffd6ed07cab0970a9df51075e5edb50	2	pi-herdr-orchestrator	ACTIVE_PRODUCT_SOURCE_BUT_NO_EXACT_DEPLOYED_FILE_SET	DUPLICATE_OR_SUPERSEDED	packages/pi-herdr-orchestrator	yes	equivalence=patch-set; trees=1; patch_sets=1; changed_paths=3; all stable commit patch IDs occur in remote main
my-shtty-pi-herdr-deck	my-shtty-pi-herdr-deck-U017 [local:refs/heads/agent/phase2-final-board]	4969179a7b972b4baeee17ad63418efb2bf7cabc	2	pi-herdr-orchestrator	ACTIVE_PRODUCT_SOURCE_BUT_NO_EXACT_DEPLOYED_FILE_SET	DUPLICATE_OR_SUPERSEDED	packages/pi-herdr-orchestrator	yes	equivalence=patch-set; trees=1; patch_sets=1; changed_paths=7; all stable commit patch IDs occur in remote main
my-shtty-pi-herdr-deck	my-shtty-pi-herdr-deck-U018 [local:refs/heads/agent/phase2-final-shell-overlay]	b324ba7e1b20d84fe35b358ef1771e716cacef0e	1	pi-herdr-orchestrator	ACTIVE_PRODUCT_SOURCE_BUT_NO_EXACT_DEPLOYED_FILE_SET	UNKNOWN_REQUIRES_REVIEW	packages/pi-herdr-orchestrator	no	equivalence=patch-set; trees=1; patch_sets=1; changed_paths=10
my-shtty-pi-herdr-deck	my-shtty-pi-herdr-deck-U019 [local:refs/heads/project/m4-question-tests]	3ce31109845568564ace72d4405ea169bac09cb8	1	pi-herdr-orchestrator	ACTIVE_PRODUCT_SOURCE_BUT_NO_EXACT_DEPLOYED_FILE_SET	DUPLICATE_OR_SUPERSEDED	packages/pi-herdr-orchestrator	yes	equivalence=patch-set; trees=1; patch_sets=1; changed_paths=1; all stable commit patch IDs occur in remote main; aggregate branch diff patch ID occurs in remote main
my-shtty-pi-herdr-deck	my-shtty-pi-herdr-deck-U020 [local:refs/heads/agent/phase2-contract-agent-activity-overlay]	9b3a10ceb4ca8c09e19c2f750a9025de557bbf49	1	pi-herdr-orchestrator	ACTIVE_PRODUCT_SOURCE_BUT_NO_EXACT_DEPLOYED_FILE_SET	UNKNOWN_REQUIRES_REVIEW	packages/pi-herdr-orchestrator	no	equivalence=patch-set; trees=1; patch_sets=1; changed_paths=6
my-shtty-pi-herdr-deck	my-shtty-pi-herdr-deck-U021 [local:refs/heads/agent/phase2-final-render-qa]	0bf9e83fc0947d042b8ffef8d9437c91fa738d49	1	pi-herdr-orchestrator	ACTIVE_PRODUCT_SOURCE_BUT_NO_EXACT_DEPLOYED_FILE_SET	UNKNOWN_REQUIRES_REVIEW	packages/pi-herdr-orchestrator	no	equivalence=patch-set; trees=1; patch_sets=1; changed_paths=6
my-shtty-pi-herdr-deck	my-shtty-pi-herdr-deck-U022 [local:refs/heads/agent/final-gate-signals]	c0dc6cc909b5d9a6eeec866d4a2c91accb63d506	1	pi-herdr-orchestrator	ACTIVE_PRODUCT_SOURCE_BUT_NO_EXACT_DEPLOYED_FILE_SET	DUPLICATE_OR_SUPERSEDED	packages/pi-herdr-orchestrator	yes	equivalence=patch-set; trees=1; patch_sets=1; changed_paths=6; all stable commit patch IDs occur in remote main; aggregate branch diff patch ID occurs in remote main
my-shtty-pi-herdr-deck	my-shtty-pi-herdr-deck-U023 [local:refs/heads/agent/unified-deck-tests]	29b1e545668846849efbd55bd392aba951f47898	1	pi-herdr-orchestrator	ACTIVE_PRODUCT_SOURCE_BUT_NO_EXACT_DEPLOYED_FILE_SET	DUPLICATE_OR_SUPERSEDED	packages/pi-herdr-orchestrator	yes	equivalence=patch-set; trees=1; patch_sets=1; changed_paths=11; all stable commit patch IDs occur in remote main; aggregate branch diff patch ID occurs in remote main
my-shtty-pi-herdr-deck	my-shtty-pi-herdr-deck-U024 [local:refs/heads/agent/final-gate-board]	d14a0da0fc12a83210048966ecc03b7a47be6656	1	pi-herdr-orchestrator	ACTIVE_PRODUCT_SOURCE_BUT_NO_EXACT_DEPLOYED_FILE_SET	DUPLICATE_OR_SUPERSEDED	packages/pi-herdr-orchestrator	yes	equivalence=patch-set; trees=1; patch_sets=1; changed_paths=3; all stable commit patch IDs occur in remote main; aggregate branch diff patch ID occurs in remote main
my-shtty-pi-herdr-deck	my-shtty-pi-herdr-deck-U025 [local:refs/heads/agent/unified-model-spawn]	133f42947c0c3c1501e69b07a65c7445aa739474	1	pi-herdr-orchestrator	ACTIVE_PRODUCT_SOURCE_BUT_NO_EXACT_DEPLOYED_FILE_SET	DUPLICATE_OR_SUPERSEDED	packages/pi-herdr-orchestrator	yes	equivalence=patch-set; trees=1; patch_sets=1; changed_paths=27; all stable commit patch IDs occur in remote main; aggregate branch diff patch ID occurs in remote main
my-shtty-pi-herdr-deck	my-shtty-pi-herdr-deck-U026 [local:refs/heads/agent/unified-controls-groups]	0ed0dc5a39f916dc28684d8c8847859eec8f4580	2	pi-herdr-orchestrator	ACTIVE_PRODUCT_SOURCE_BUT_NO_EXACT_DEPLOYED_FILE_SET	UNKNOWN_REQUIRES_REVIEW	packages/pi-herdr-orchestrator	no	equivalence=patch-set; trees=1; patch_sets=1; changed_paths=17
my-shtty-pi-herdr-deck	my-shtty-pi-herdr-deck-U027 [local:refs/heads/agt-01m0cf6stqz6h9438gmym05aw5]	dcc67f6159129cadd43566c65200a4f09c88700e	1	pi-herdr-orchestrator	ACTIVE_PRODUCT_SOURCE_BUT_NO_EXACT_DEPLOYED_FILE_SET	DUPLICATE_OR_SUPERSEDED	packages/pi-herdr-orchestrator	yes	equivalence=patch-set; trees=1; patch_sets=1; changed_paths=9; all stable commit patch IDs occur in remote main; aggregate branch diff patch ID occurs in remote main
my-shtty-pi-herdr-deck	my-shtty-pi-herdr-deck-U028 [local:refs/heads/agent/phase2-contract-files-consumer]	59731ccb3cdcccd568bce9f716edae1b4c4a2062	1	pi-herdr-orchestrator	ACTIVE_PRODUCT_SOURCE_BUT_NO_EXACT_DEPLOYED_FILE_SET	DUPLICATE_OR_SUPERSEDED	packages/pi-herdr-orchestrator	yes	equivalence=patch-set; trees=1; patch_sets=1; changed_paths=7; all stable commit patch IDs occur in remote main; aggregate branch diff patch ID occurs in remote main
my-shtty-pi-herdr-deck	my-shtty-pi-herdr-deck-U029 [local:refs/heads/project/m3-schemas]	bd8abf7db82bd3b30ad2a5798266db35f680c949	1	pi-herdr-orchestrator	ACTIVE_PRODUCT_SOURCE_BUT_NO_EXACT_DEPLOYED_FILE_SET	DUPLICATE_OR_SUPERSEDED	packages/pi-herdr-orchestrator	yes	equivalence=patch-set; trees=1; patch_sets=1; changed_paths=3; all stable commit patch IDs occur in remote main; aggregate branch diff patch ID occurs in remote main
my-shtty-pi-herdr-deck	my-shtty-pi-herdr-deck-U030 [local:refs/heads/project/m4-artifact-tests]	6751112c6cd25421e83dfb9635ce03cc25473f29	1	pi-herdr-orchestrator	ACTIVE_PRODUCT_SOURCE_BUT_NO_EXACT_DEPLOYED_FILE_SET	DUPLICATE_OR_SUPERSEDED	packages/pi-herdr-orchestrator	yes	equivalence=patch-set; trees=1; patch_sets=1; changed_paths=1; all stable commit patch IDs occur in remote main; aggregate branch diff patch ID occurs in remote main
my-shtty-pi-herdr-deck	my-shtty-pi-herdr-deck-U031 [local:refs/heads/agent/phase2-contract-question-board]	b37ab2edaa829a6717a764629f8c7afe417a4ae9	1	pi-herdr-orchestrator	ACTIVE_PRODUCT_SOURCE_BUT_NO_EXACT_DEPLOYED_FILE_SET	DUPLICATE_OR_SUPERSEDED	packages/pi-herdr-orchestrator	yes	equivalence=patch-set; trees=1; patch_sets=1; changed_paths=14; all stable commit patch IDs occur in remote main; aggregate branch diff patch ID occurs in remote main
my-shtty-pi-herdr-deck	my-shtty-pi-herdr-deck-U032 [local:refs/heads/agent/phase2-contract-render-qa]	124c5222be536c12e129a8450ff1cafcbda3a992	1	pi-herdr-orchestrator	ACTIVE_PRODUCT_SOURCE_BUT_NO_EXACT_DEPLOYED_FILE_SET	UNKNOWN_REQUIRES_REVIEW	packages/pi-herdr-orchestrator	no	equivalence=patch-set; trees=1; patch_sets=1; changed_paths=5
my-shtty-pi-herdr-deck	my-shtty-pi-herdr-deck-U033 [local:refs/heads/agent/unified-legacy-coordination]	f0061bcc4ed07a3ac4b3b7c6036b5f97fc2f8a0d	1	pi-herdr-orchestrator	ACTIVE_PRODUCT_SOURCE_BUT_NO_EXACT_DEPLOYED_FILE_SET	DUPLICATE_OR_SUPERSEDED	packages/pi-herdr-orchestrator	yes	equivalence=patch-set; trees=1; patch_sets=1; changed_paths=15; all stable commit patch IDs occur in remote main; aggregate branch diff patch ID occurs in remote main
my-shtty-pi-herdr-deck	my-shtty-pi-herdr-deck-U034 [local:refs/heads/agent/final-gate-render]	765b0afa1f1731bc0caae21d25b37a8261ce50fd	1	pi-herdr-orchestrator	ACTIVE_PRODUCT_SOURCE_BUT_NO_EXACT_DEPLOYED_FILE_SET	DUPLICATE_OR_SUPERSEDED	packages/pi-herdr-orchestrator	yes	equivalence=patch-set; trees=1; patch_sets=1; changed_paths=2; all stable commit patch IDs occur in remote main; aggregate branch diff patch ID occurs in remote main
my-shtty-pi-herdr-deck	my-shtty-pi-herdr-deck-U035 [local:refs/heads/project/m3-controls]	1c31ab0ea8c44cdfb909895c5b8ac25628633b65	1	pi-herdr-orchestrator	ACTIVE_PRODUCT_SOURCE_BUT_NO_EXACT_DEPLOYED_FILE_SET	DUPLICATE_OR_SUPERSEDED	packages/pi-herdr-orchestrator	yes	equivalence=patch-set; trees=1; patch_sets=1; changed_paths=2; all stable commit patch IDs occur in remote main; aggregate branch diff patch ID occurs in remote main
pi-signal-board	pi-signal-board-U001 [local:refs/heads/agent/phase2-final-signals]	0aa784d4321a585e009763385f89651e79ec3d7c	1	pi-signal-board	ACTIVE_PRODUCT_SOURCE_BUT_NO_EXACT_DEPLOYED_FILE_SET	DUPLICATE_OR_SUPERSEDED	packages/pi-signal-board	yes	equivalence=main-tree; trees=1; patch_sets=1; changed_paths=7; tip tree equals remote main tree; all stable commit patch IDs occur in remote main; aggregate branch diff patch ID occurs in remote main
pi-signal-board	pi-signal-board-U002 [local:refs/heads/feat/sb-014-runtime]	3e0062f14175383041265b00d4ae3aff32a834bc	2	pi-signal-board	ACTIVE_PRODUCT_SOURCE_BUT_NO_EXACT_DEPLOYED_FILE_SET	DUPLICATE_OR_SUPERSEDED	packages/pi-signal-board	yes	equivalence=patch-set; trees=1; patch_sets=1; changed_paths=7; all stable commit patch IDs occur in remote main
pi-signal-board	pi-signal-board-U003 [local:refs/heads/feat/sb-008-events]	aebbf779e914f6215d86f303f1caaffdfac5e9c5	1	pi-signal-board	ACTIVE_PRODUCT_SOURCE_BUT_NO_EXACT_DEPLOYED_FILE_SET	DUPLICATE_OR_SUPERSEDED	packages/pi-signal-board	yes	equivalence=patch-set; trees=1; patch_sets=1; changed_paths=6; all stable commit patch IDs occur in remote main; aggregate branch diff patch ID occurs in remote main
pi-signal-board	pi-signal-board-U004 [local:refs/heads/agent/ask-user-signals-deploy-fix-20260827]	047ab0e767a7655eb854647e09487a188952516a	2	pi-signal-board	ACTIVE_PRODUCT_SOURCE_BUT_NO_EXACT_DEPLOYED_FILE_SET	UNKNOWN_REQUIRES_REVIEW	packages/pi-signal-board	no	equivalence=patch-set; trees=1; patch_sets=1; changed_paths=10
pi-signal-board	pi-signal-board-U005 [local:refs/heads/agent/ask-user-signals-provider]	3c303e5364cebf2f84ebc16ace01c0099a821569	1	pi-signal-board	ACTIVE_PRODUCT_SOURCE_BUT_NO_EXACT_DEPLOYED_FILE_SET	UNKNOWN_REQUIRES_REVIEW	packages/pi-signal-board	no	equivalence=patch-set; trees=1; patch_sets=1; changed_paths=8
pi-signal-board	pi-signal-board-U006 [local:refs/heads/fix/m2-command-id-compat]	cf6c166d4d0d1dbf3d163497475276c220922901	1	pi-signal-board	ACTIVE_PRODUCT_SOURCE_BUT_NO_EXACT_DEPLOYED_FILE_SET	DUPLICATE_OR_SUPERSEDED	packages/pi-signal-board	yes	equivalence=patch-set; trees=1; patch_sets=1; changed_paths=6; all stable commit patch IDs occur in remote main; aggregate branch diff patch ID occurs in remote main
pi-signal-board	pi-signal-board-U007 [local:refs/heads/feat/sb-024-question-escalation]	17f24491ae5a38d6d6199fe1d8c01e7edfbcc457	1	pi-signal-board	ACTIVE_PRODUCT_SOURCE_BUT_NO_EXACT_DEPLOYED_FILE_SET	UNKNOWN_REQUIRES_REVIEW	packages/pi-signal-board	no	equivalence=patch-set; trees=1; patch_sets=1; changed_paths=4
pi-signal-board	pi-signal-board-U008 [local:refs/heads/feat/m0-exit-shell]	89950421ecbf307a265433a2a47869aec0d8a58b	1	pi-signal-board	ACTIVE_PRODUCT_SOURCE_BUT_NO_EXACT_DEPLOYED_FILE_SET	DUPLICATE_OR_SUPERSEDED	packages/pi-signal-board	yes	equivalence=patch-set; trees=1; patch_sets=1; changed_paths=3; all stable commit patch IDs occur in remote main; aggregate branch diff patch ID occurs in remote main
pi-signal-board	pi-signal-board-U009 [local:refs/heads/feat/sb-023-expiry-service]	52cc52529f3079b209bbdffef539aafb87e6ee03	1	pi-signal-board	ACTIVE_PRODUCT_SOURCE_BUT_NO_EXACT_DEPLOYED_FILE_SET	UNKNOWN_REQUIRES_REVIEW	packages/pi-signal-board	no	equivalence=patch-set; trees=1; patch_sets=1; changed_paths=7
pi-signal-board	pi-signal-board-U010 [local:refs/heads/test/sb-004-harness]	ede8d04efaea69d5a2a52021fb45c64cee5f77b4	1	pi-signal-board	ACTIVE_PRODUCT_SOURCE_BUT_NO_EXACT_DEPLOYED_FILE_SET	DUPLICATE_OR_SUPERSEDED	packages/pi-signal-board	yes	equivalence=patch-set; trees=1; patch_sets=1; changed_paths=7; all stable commit patch IDs occur in remote main; aggregate branch diff patch ID occurs in remote main
pi-signal-board	pi-signal-board-U011 [local:refs/heads/feat/sb-018-ui-adapter]	e400e75ae03e3bd410d1ff148e21f5d803912b7c	3	pi-signal-board	ACTIVE_PRODUCT_SOURCE_BUT_NO_EXACT_DEPLOYED_FILE_SET	DUPLICATE_OR_SUPERSEDED	packages/pi-signal-board	yes	equivalence=patch-set; trees=1; patch_sets=1; changed_paths=9; all stable commit patch IDs occur in remote main
pi-signal-board	pi-signal-board-U012 [local:refs/heads/feat/sb-007-ids]	3617a1e600e22000b310f83eed19c11915c3e13e	1	pi-signal-board	ACTIVE_PRODUCT_SOURCE_BUT_NO_EXACT_DEPLOYED_FILE_SET	DUPLICATE_OR_SUPERSEDED	packages/pi-signal-board	yes	equivalence=patch-set; trees=1; patch_sets=1; changed_paths=4; all stable commit patch IDs occur in remote main; aggregate branch diff patch ID occurs in remote main
pi-signal-board	pi-signal-board-U013 [local:refs/heads/feat/sb-019-question-validation]	3673a009c1f84135876b7184b3d6ec93a8f044c8	1	pi-signal-board	ACTIVE_PRODUCT_SOURCE_BUT_NO_EXACT_DEPLOYED_FILE_SET	DUPLICATE_OR_SUPERSEDED	packages/pi-signal-board	yes	equivalence=patch-set; trees=1; patch_sets=1; changed_paths=2; all stable commit patch IDs occur in remote main; aggregate branch diff patch ID occurs in remote main
pi-signal-board	pi-signal-board-U014 [local:refs/heads/feat/sb-031-answer-ui]	518d434452c7dd4229732254257e7cc3290b9629	1	pi-signal-board	ACTIVE_PRODUCT_SOURCE_BUT_NO_EXACT_DEPLOYED_FILE_SET	DUPLICATE_OR_SUPERSEDED	packages/pi-signal-board	yes	equivalence=patch-set; trees=1; patch_sets=1; changed_paths=6; all stable commit patch IDs occur in remote main; aggregate branch diff patch ID occurs in remote main
pi-signal-board	pi-signal-board-U015 [local:refs/heads/feat/sb-005-errors]	afa147c55e4b6e1b759f8e87666026f2f3419e3c	1	pi-signal-board	ACTIVE_PRODUCT_SOURCE_BUT_NO_EXACT_DEPLOYED_FILE_SET	DUPLICATE_OR_SUPERSEDED	packages/pi-signal-board	yes	equivalence=patch-set; trees=1; patch_sets=1; changed_paths=4; all stable commit patch IDs occur in remote main; aggregate branch diff patch ID occurs in remote main
pi-signal-board	pi-signal-board-U016 [local:refs/heads/feat/sb-032-multiple-answer-ui]	a5fa1e7fd5e6a40e2cf288379a0aaa37ccfd5a6a	1	pi-signal-board	ACTIVE_PRODUCT_SOURCE_BUT_NO_EXACT_DEPLOYED_FILE_SET	DUPLICATE_OR_SUPERSEDED	packages/pi-signal-board	yes	equivalence=patch-set; trees=1; patch_sets=1; changed_paths=6; all stable commit patch IDs occur in remote main; aggregate branch diff patch ID occurs in remote main
pi-signal-board	pi-signal-board-U017 [local:refs/heads/feat/sb-015-update-service]	e1af8c4ccf4cdd7d737220b3c25b883b6c7221e0	1	pi-signal-board	ACTIVE_PRODUCT_SOURCE_BUT_NO_EXACT_DEPLOYED_FILE_SET	DUPLICATE_OR_SUPERSEDED	packages/pi-signal-board	yes	equivalence=patch-set; trees=1; patch_sets=1; changed_paths=3; all stable commit patch IDs occur in remote main; aggregate branch diff patch ID occurs in remote main
pi-signal-board	pi-signal-board-U018 [local:refs/heads/feat/sb-016-update-tool]	98d6cb5c9eae26ef9a05f83b11e5d5f1881073d9	3	pi-signal-board	ACTIVE_PRODUCT_SOURCE_BUT_NO_EXACT_DEPLOYED_FILE_SET	DUPLICATE_OR_SUPERSEDED	packages/pi-signal-board	yes	equivalence=patch-set; trees=1; patch_sets=1; changed_paths=9; all stable commit patch IDs occur in remote main
pi-signal-board	pi-signal-board-U019 [local:refs/heads/feat/sb-010-reducer]	cb6ec654509e8b3f2905a4ef0331aaaa7214da32	2	pi-signal-board	ACTIVE_PRODUCT_SOURCE_BUT_NO_EXACT_DEPLOYED_FILE_SET	DUPLICATE_OR_SUPERSEDED	packages/pi-signal-board	yes	equivalence=patch-set; trees=1; patch_sets=1; changed_paths=5; all stable commit patch IDs occur in remote main
pi-signal-board	pi-signal-board-U020 [remote:refs/heads/dependabot/npm_and_yarn/types/node-26.2.0]	cbec935976f329c1ace540f54b235bf9dd7a86ff	1	pi-signal-board	ACTIVE_PRODUCT_SOURCE_BUT_NO_EXACT_DEPLOYED_FILE_SET	UNKNOWN_REQUIRES_REVIEW	packages/pi-signal-board	no	equivalence=patch-set; trees=1; patch_sets=1; changed_paths=2
pi-signal-board	pi-signal-board-U021 [local:refs/heads/feat/sb-006-sanitizer]	d2d169d409643df7f9882bc0ea1b1a58d23ddb02	1	pi-signal-board	ACTIVE_PRODUCT_SOURCE_BUT_NO_EXACT_DEPLOYED_FILE_SET	DUPLICATE_OR_SUPERSEDED	packages/pi-signal-board	yes	equivalence=patch-set; trees=1; patch_sets=1; changed_paths=2; all stable commit patch IDs occur in remote main; aggregate branch diff patch ID occurs in remote main
pi-signal-board	pi-signal-board-U022 [local:refs/heads/feat/sb-035-race-guard]	542132b75587f960cd0c5bba05d5e1c1fbdeb499	1	pi-signal-board	ACTIVE_PRODUCT_SOURCE_BUT_NO_EXACT_DEPLOYED_FILE_SET	DUPLICATE_OR_SUPERSEDED	packages/pi-signal-board	yes	equivalence=patch-set; trees=1; patch_sets=1; changed_paths=7; all stable commit patch IDs occur in remote main; aggregate branch diff patch ID occurs in remote main
pi-signal-board	pi-signal-board-U023 [remote:refs/heads/dependabot/npm_and_yarn/typescript-7.0.2]	7ce0d53abb0b04ba7403ef7c7c042a93918673e1	1	pi-signal-board	ACTIVE_PRODUCT_SOURCE_BUT_NO_EXACT_DEPLOYED_FILE_SET	UNKNOWN_REQUIRES_REVIEW	packages/pi-signal-board	no	equivalence=patch-set; trees=1; patch_sets=1; changed_paths=2
pi-signal-board	pi-signal-board-U024 [local:refs/heads/feat/sb-020-unsafe-question]	366ae8203c85ea86e7718748b42ed1b39e2c3744	1	pi-signal-board	ACTIVE_PRODUCT_SOURCE_BUT_NO_EXACT_DEPLOYED_FILE_SET	DUPLICATE_OR_SUPERSEDED	packages/pi-signal-board	yes	equivalence=patch-set; trees=1; patch_sets=1; changed_paths=3; all stable commit patch IDs occur in remote main; aggregate branch diff patch ID occurs in remote main
pi-signal-board	pi-signal-board-U025 [local:refs/heads/feat/sb-011-selectors]	dcfd94eab964ba6789b30aa2bbca8e7ddd178aea	1	pi-signal-board	ACTIVE_PRODUCT_SOURCE_BUT_NO_EXACT_DEPLOYED_FILE_SET	UNKNOWN_REQUIRES_REVIEW	packages/pi-signal-board	no	equivalence=patch-set; trees=1; patch_sets=1; changed_paths=5
pi-signal-board	pi-signal-board-U026 [local:refs/heads/feat/sb-013-queue-store]	14f52e05a329ad6d35188682c3e182082ea58efd	1	pi-signal-board	ACTIVE_PRODUCT_SOURCE_BUT_NO_EXACT_DEPLOYED_FILE_SET	DUPLICATE_OR_SUPERSEDED	packages/pi-signal-board	yes	equivalence=patch-set; trees=1; patch_sets=1; changed_paths=5; all stable commit patch IDs occur in remote main; aggregate branch diff patch ID occurs in remote main
pi-signal-board	pi-signal-board-U027 [local:refs/heads/feat/sb-033-accept-recommendation]	48de59e17912b53288ed521f12db6e4ca56854c5	1	pi-signal-board	ACTIVE_PRODUCT_SOURCE_BUT_NO_EXACT_DEPLOYED_FILE_SET	DUPLICATE_OR_SUPERSEDED	packages/pi-signal-board	yes	equivalence=patch-set; trees=1; patch_sets=1; changed_paths=9; all stable commit patch IDs occur in remote main; aggregate branch diff patch ID occurs in remote main
pi-signal-board	pi-signal-board-U028 [local:refs/heads/feat/sb-026-board-models]	748d647fb26458f2f366668ed223ca3022e24cea	1	pi-signal-board	ACTIVE_PRODUCT_SOURCE_BUT_NO_EXACT_DEPLOYED_FILE_SET	DUPLICATE_OR_SUPERSEDED	packages/pi-signal-board	yes	equivalence=patch-set; trees=1; patch_sets=1; changed_paths=3; all stable commit patch IDs occur in remote main; aggregate branch diff patch ID occurs in remote main
pi-signal-board	pi-signal-board-U029 [local:refs/heads/feat/sb-028-signalboard-command]	cce2795e2cd5534ae348da7145b2a11e961f417c	1	pi-signal-board	ACTIVE_PRODUCT_SOURCE_BUT_NO_EXACT_DEPLOYED_FILE_SET	DUPLICATE_OR_SUPERSEDED	packages/pi-signal-board	yes	equivalence=patch-set; trees=1; patch_sets=1; changed_paths=7; all stable commit patch IDs occur in remote main; aggregate branch diff patch ID occurs in remote main
pi-signal-board	pi-signal-board-U030 [local:refs/heads/feat/sb-030-view-checkpoint]	bf5aa76f2c164c91bd8693f0f3d215adbd097d36	1	pi-signal-board	ACTIVE_PRODUCT_SOURCE_BUT_NO_EXACT_DEPLOYED_FILE_SET	DUPLICATE_OR_SUPERSEDED	packages/pi-signal-board	yes	equivalence=patch-set; trees=1; patch_sets=1; changed_paths=7; all stable commit patch IDs occur in remote main; aggregate branch diff patch ID occurs in remote main
pi-signal-board	pi-signal-board-U031 [local:refs/heads/feat/sb-017-widget]	eb15854af45e5380f569362d712f588191ec1c39	1	pi-signal-board	ACTIVE_PRODUCT_SOURCE_BUT_NO_EXACT_DEPLOYED_FILE_SET	DUPLICATE_OR_SUPERSEDED	packages/pi-signal-board	yes	equivalence=patch-set; trees=1; patch_sets=1; changed_paths=4; all stable commit patch IDs occur in remote main; aggregate branch diff patch ID occurs in remote main
pi-signal-board	pi-signal-board-U032 [remote:refs/heads/dependabot/npm_and_yarn/test-toolchain-b6d487308a]	88250c5f5d5f65c84209690a54d9369544f06a3d	1	pi-signal-board	ACTIVE_PRODUCT_SOURCE_BUT_NO_EXACT_DEPLOYED_FILE_SET	UNKNOWN_REQUIRES_REVIEW	packages/pi-signal-board	no	equivalence=patch-set; trees=1; patch_sets=1; changed_paths=2
pi-signal-board	pi-signal-board-U033 [local:refs/heads/feat/sb-009-attachments]	701535786bf6bfe3eaf27da4733555239ec33672	1	pi-signal-board	ACTIVE_PRODUCT_SOURCE_BUT_NO_EXACT_DEPLOYED_FILE_SET	DUPLICATE_OR_SUPERSEDED	packages/pi-signal-board	yes	equivalence=patch-set; trees=1; patch_sets=1; changed_paths=2; all stable commit patch IDs occur in remote main; aggregate branch diff patch ID occurs in remote main
pi-signal-board	pi-signal-board-U034 [local:refs/heads/feat/sb-034-dismiss-archive-ui]	b73d1ad72b2f839f3d0aa6a46cd2d78a52f3f92c	1	pi-signal-board	ACTIVE_PRODUCT_SOURCE_BUT_NO_EXACT_DEPLOYED_FILE_SET	DUPLICATE_OR_SUPERSEDED	packages/pi-signal-board	yes	equivalence=patch-set; trees=1; patch_sets=1; changed_paths=13; all stable commit patch IDs occur in remote main; aggregate branch diff patch ID occurs in remote main
pi-signal-board	pi-signal-board-U035 [local:refs/heads/feat/sb-003-config]	19e7ce540e38b3231525183e655cb6a7695c4cc6	1	pi-signal-board	ACTIVE_PRODUCT_SOURCE_BUT_NO_EXACT_DEPLOYED_FILE_SET	DUPLICATE_OR_SUPERSEDED	packages/pi-signal-board	yes	equivalence=patch-set; trees=1; patch_sets=1; changed_paths=5; all stable commit patch IDs occur in remote main; aggregate branch diff patch ID occurs in remote main
pi-signal-board	pi-signal-board-U036 [local:refs/heads/feat/sb-022-question-tool]	1579ab1bcecb9f1fef9747966cd23ee93e087fbd	1	pi-signal-board	ACTIVE_PRODUCT_SOURCE_BUT_NO_EXACT_DEPLOYED_FILE_SET	DUPLICATE_OR_SUPERSEDED	packages/pi-signal-board	yes	equivalence=patch-set; trees=1; patch_sets=1; changed_paths=4; all stable commit patch IDs occur in remote main; aggregate branch diff patch ID occurs in remote main
pi-signal-board	pi-signal-board-U037 [remote:refs/heads/dependabot/npm_and_yarn/pi-host-a81fd2e162]	18eb518a17af086b244217ba3f98fafc8916736b	1	pi-signal-board	ACTIVE_PRODUCT_SOURCE_BUT_NO_EXACT_DEPLOYED_FILE_SET	UNKNOWN_REQUIRES_REVIEW	packages/pi-signal-board	no	equivalence=patch-set; trees=1; patch_sets=1; changed_paths=2
pi-signal-board	pi-signal-board-U038 [local:refs/heads/feat/sb-036-answer-persistence]	8c3b5ae18cf6a7e83e61d7df6fe6cb49c44152f3	1	pi-signal-board	ACTIVE_PRODUCT_SOURCE_BUT_NO_EXACT_DEPLOYED_FILE_SET	DUPLICATE_OR_SUPERSEDED	packages/pi-signal-board	yes	equivalence=patch-set; trees=1; patch_sets=1; changed_paths=4; all stable commit patch IDs occur in remote main; aggregate branch diff patch ID occurs in remote main
pi-signal-board	pi-signal-board-U039 [local:refs/heads/feat/sb-027-board-component]	b1cb42e018e6dc904c6138bbad9dec64143b7dec	1	pi-signal-board	ACTIVE_PRODUCT_SOURCE_BUT_NO_EXACT_DEPLOYED_FILE_SET	DUPLICATE_OR_SUPERSEDED	packages/pi-signal-board	yes	equivalence=patch-set; trees=1; patch_sets=1; changed_paths=7; all stable commit patch IDs occur in remote main; aggregate branch diff patch ID occurs in remote main
pi-signal-board	pi-signal-board-U040 [local:refs/heads/feat/sb-021-question-service]	bb67758bc85aa71219f7343b825fb3952d9d9828	1	pi-signal-board	ACTIVE_PRODUCT_SOURCE_BUT_NO_EXACT_DEPLOYED_FILE_SET	DUPLICATE_OR_SUPERSEDED	packages/pi-signal-board	yes	equivalence=patch-set; trees=1; patch_sets=1; changed_paths=3; all stable commit patch IDs occur in remote main; aggregate branch diff patch ID occurs in remote main
pi-signal-board	pi-signal-board-U041 [local:refs/heads/feat/sb-025-inbox-projections]	4d79d49da590ee2dae84814382e9e32dc4d96353	1	pi-signal-board	ACTIVE_PRODUCT_SOURCE_BUT_NO_EXACT_DEPLOYED_FILE_SET	DUPLICATE_OR_SUPERSEDED	packages/pi-signal-board	yes	equivalence=patch-set; trees=1; patch_sets=1; changed_paths=2; all stable commit patch IDs occur in remote main; aggregate branch diff patch ID occurs in remote main
pi-signal-board	pi-signal-board-U042 [remote:refs/heads/dependabot/npm_and_yarn/biomejs/biome-2.5.9]	c31d665a4c923170a3ce28786ce82b463eca3b78	1	pi-signal-board	ACTIVE_PRODUCT_SOURCE_BUT_NO_EXACT_DEPLOYED_FILE_SET	UNKNOWN_REQUIRES_REVIEW	packages/pi-signal-board	no	equivalence=patch-set; trees=1; patch_sets=1; changed_paths=2
pi-signal-board	pi-signal-board-U043 [local:refs/heads/feat/sb-029-shortcut]	6be34f628c89d87f0a7e0203258fc6c389f4d2c9	1	pi-signal-board	ACTIVE_PRODUCT_SOURCE_BUT_NO_EXACT_DEPLOYED_FILE_SET	DUPLICATE_OR_SUPERSEDED	packages/pi-signal-board	yes	equivalence=patch-set; trees=1; patch_sets=1; changed_paths=6; all stable commit patch IDs occur in remote main; aggregate branch diff patch ID occurs in remote main
pi-signal-board	pi-signal-board-U044 [local:refs/heads/feat/sb-012-codec-replay]	b91e892ff0df1e216dc876fbb3f5698aacc3ca9c	1	pi-signal-board	ACTIVE_PRODUCT_SOURCE_BUT_NO_EXACT_DEPLOYED_FILE_SET	DUPLICATE_OR_SUPERSEDED	packages/pi-signal-board	yes	equivalence=patch-set; trees=1; patch_sets=1; changed_paths=6; all stable commit patch IDs occur in remote main; aggregate branch diff patch ID occurs in remote main
